pool,layer_id,n_calls,wake_ms_mean,comp_ms_mean,flag_ms_mean,total_ms_mean,rows_sum_mean
0,0,540,0.0105,1.2481,0.0156,1.2742,20488.0
0,1,540,0.0078,1.2477,0.0163,1.2718,20488.0
0,2,540,0.0076,1.2243,0.0168,1.2487,20488.0
0,3,540,0.0077,1.2099,0.0148,1.2324,20488.0
0,4,540,0.0076,1.1238,0.0155,1.1470,20488.0
0,5,540,0.0076,1.1421,0.0152,1.1649,20488.0
0,6,540,0.0077,1.1567,0.0131,1.1775,20488.0
0,7,540,0.0077,1.1863,0.0118,1.2058,20488.0
0,8,540,0.0117,1.0462,0.0124,1.0703,20488.0
0,9,540,0.0077,1.0241,0.0161,1.0479,20488.0
0,10,540,0.0076,1.0097,0.0146,1.0320,20488.0
0,11,540,0.0074,0.9925,0.0133,1.0133,20488.0
0,12,540,0.0077,0.9703,0.0131,0.9911,20488.0
0,13,540,0.0076,0.8735,0.0124,0.8935,20488.0
0,14,540,0.0076,0.8772,0.0128,0.8977,20488.0
0,15,540,0.0076,0.8757,0.0099,0.8933,20488.0
0,16,540,0.0075,0.9172,0.0117,0.9364,20488.0
0,17,540,0.0075,0.9092,0.0120,0.9287,20488.0
0,18,540,0.0076,1.0171,0.0135,1.0381,20488.0
0,19,540,0.0077,1.0322,0.0111,1.0509,20488.0
0,20,540,0.0076,0.8752,0.0114,0.8942,20488.0
0,21,540,0.0077,0.8928,0.0115,0.9120,20488.0
0,22,540,0.0075,0.8668,0.0105,0.8848,20488.0
0,23,540,0.0075,0.9743,0.0125,0.9943,20488.0
0,24,540,0.0076,0.9514,0.0109,0.9699,20488.0
0,25,540,0.0076,0.9616,0.0118,0.9810,20488.0
0,26,540,0.0077,0.8678,0.0083,0.8838,20488.0
0,27,540,0.0075,1.0122,0.0116,1.0313,20488.0
0,28,540,0.0075,0.9307,0.0099,0.9481,20488.0
0,29,540,0.0076,0.8922,0.0113,0.9110,20488.0
0,30,540,0.0075,0.9009,0.0101,0.9185,20488.0
0,31,540,0.0075,0.9495,0.0095,0.9665,20488.0
0,32,540,0.0075,0.9293,0.0101,0.9469,20488.0
0,33,540,0.0074,0.8968,0.0109,0.9152,20488.0
0,34,540,0.0074,0.9503,0.0098,0.9675,20488.0
0,35,540,0.0075,0.9404,0.0112,0.9590,20488.0
0,36,540,0.0076,1.0045,0.0121,1.0242,20488.0
0,37,540,0.0077,0.9631,0.0114,0.9822,20488.0
0,38,540,0.0076,0.9857,0.0107,1.0039,20488.0
