t,cpu,busy_delta,mhz
1790448522.056591,0,10,5468.464
1790448522.056591,1,4,5433.19
1790448522.056591,2,13,5410.75
1790448522.056591,3,1,800.0
1790448522.056591,4,87,5410.8
1790448522.056591,5,7,800.0
1790448522.056591,6,30,5410.744
1790448522.056591,7,8,800.0
1790448522.056591,8,11,2512.5
1790448522.056591,9,7,800.0
1790448522.056591,10,11,5422.27
1790448522.056591,11,4,800.0
1790448522.056591,12,25,800.0
1790448522.056591,13,7,3490.711
1790448522.056591,14,17,5443.159
1790448522.056591,15,1,3055.835
1790448522.056591,16,6,4200.851
1790448522.056591,17,6,800.0
1790448522.056591,18,7,4200.146
1790448522.056591,19,5,4200.123
1790448522.056591,20,6,2165.486
1790448522.056591,21,7,2275.0
1790448522.056591,22,5,3487.82
1790448522.056591,23,6,1990.555
1790448522.056591,24,3,4208.653
1790448522.056591,25,4,4211.666
1790448522.056591,26,2,4198.208
1790448522.056591,27,9,4178.301
1790448523.0575156,0,5,844.59
1790448523.0575156,1,1,4431.28
1790448523.0575156,2,49,1515.693
1790448523.0575156,3,0,800.0
1790448523.0575156,4,87,5489.741
1790448523.0575156,5,0,4398.154
1790448523.0575156,6,100,5489.738
1790448523.0575156,7,0,800.0
1790448523.0575156,8,11,800.0
1790448523.0575156,9,0,800.0
1790448523.0575156,10,6,3979.475
1790448523.0575156,11,0,800.0
1790448523.0575156,12,13,801.478
1790448523.0575156,13,0,800.0
1790448523.0575156,14,27,5489.696
1790448523.0575156,15,0,5500.0
1790448523.0575156,16,0,4197.959
1790448523.0575156,17,2,4201.196
1790448523.0575156,18,0,4241.666
1790448523.0575156,19,2,800.0
1790448523.0575156,20,0,800.0
1790448523.0575156,21,1,799.215
1790448523.0575156,22,0,801.034
1790448523.0575156,23,0,4103.452
1790448523.0575156,24,2,1797.884
1790448523.0575156,25,1,4200.768
1790448523.0575156,26,1,4200.102
1790448523.0575156,27,1,1562.607
1790448524.0582905,0,20,5494.644
1790448524.0582905,1,1,5497.121
1790448524.0582905,2,76,5486.529
1790448524.0582905,3,0,800.0
1790448524.0582905,4,50,800.0
1790448524.0582905,5,25,800.0
1790448524.0582905,6,100,5500.0
1790448524.0582905,7,0,800.0
1790448524.0582905,8,6,2335.183
1790448524.0582905,9,0,800.0
1790448524.0582905,10,5,2775.816
1790448524.0582905,11,0,800.0
1790448524.0582905,12,28,5500.0
1790448524.0582905,13,0,800.0
1790448524.0582905,14,73,5500.0
1790448524.0582905,15,0,5497.344
1790448524.0582905,16,5,4290.027
1790448524.0582905,17,3,4303.842
1790448524.0582905,18,2,4297.74
1790448524.0582905,19,0,4288.576
1790448524.0582905,20,2,2545.392
1790448524.0582905,21,0,1495.779
1790448524.0582905,22,0,800.0
1790448524.0582905,23,4,4300.31
1790448524.0582905,24,3,3709.954
1790448524.0582905,25,2,3526.61
1790448524.0582905,26,3,3956.352
1790448524.0582905,27,2,4288.983
1790448525.058795,0,6,5500.0
1790448525.058795,1,0,5502.614
1790448525.058795,2,39,5500.0
1790448525.058795,3,0,3030.769
1790448525.058795,4,80,3472.381
1790448525.058795,5,0,5396.903
1790448525.058795,6,99,5500.0
1790448525.058795,7,0,800.0
1790448525.058795,8,18,1452.56
1790448525.058795,9,0,1642.337
1790448525.058795,10,7,3184.123
1790448525.058795,11,0,3649.171
1790448525.058795,12,21,5500.0
1790448525.058795,13,1,3486.938
1790448525.058795,14,41,5500.0
1790448525.058795,15,0,5500.0
1790448525.058795,16,3,4289.338
1790448525.058795,17,5,4200.68
1790448525.058795,18,3,4299.162
1790448525.058795,19,2,1569.31
1790448525.058795,20,3,800.0
1790448525.058795,21,2,4228.508
1790448525.058795,22,5,800.0
1790448525.058795,23,3,4300.092
1790448525.058795,24,4,4302.651
1790448525.058795,25,5,4300.053
1790448525.058795,26,5,4294.754
1790448525.058795,27,2,4304.591
1790448526.0592527,0,59,5100.0
1790448526.0592527,1,2,5230.478
1790448526.0592527,2,66,5119.161
1790448526.0592527,3,78,5231.25
1790448526.0592527,4,64,5278.322
1790448526.0592527,5,38,5286.255
1790448526.0592527,6,68,5100.0
1790448526.0592527,7,50,800.0
1790448526.0592527,8,46,5118.747
1790448526.0592527,9,17,5231.235
1790448526.0592527,10,46,5118.37
1790448526.0592527,11,31,5231.159
1790448526.0592527,12,62,5231.215
1790448526.0592527,13,7,5253.929
1790448526.0592527,14,50,5119.206
1790448526.0592527,15,55,5231.206
1790448526.0592527,16,44,4101.438
1790448526.0592527,17,44,4101.731
1790448526.0592527,18,43,4084.915
1790448526.0592527,19,42,4091.749
1790448526.0592527,20,45,4099.884
1790448526.0592527,21,44,4108.984
1790448526.0592527,22,43,4108.489
1790448526.0592527,23,11,4186.837
1790448526.0592527,24,20,4134.161
1790448526.0592527,25,11,4152.051
1790448526.0592527,26,7,4194.625
1790448526.0592527,27,14,4136.026
1790448527.059764,0,61,5161.527
1790448527.059764,1,2,5249.714
1790448527.059764,2,60,5160.299
1790448527.059764,3,100,5357.605
1790448527.059764,4,59,2741.21
1790448527.059764,5,72,800.0
1790448527.059764,6,64,5160.429
1790448527.059764,7,71,5357.694
1790448527.059764,8,62,5301.875
1790448527.059764,9,40,5357.422
1790448527.059764,10,59,5160.335
1790448527.059764,11,15,800.0
1790448527.059764,12,86,5357.477
1790448527.059764,13,0,800.0
1790448527.059764,14,59,5160.56
1790448527.059764,15,80,5357.471
1790448527.059764,16,58,4200.3
1790448527.059764,17,56,4150.322
1790448527.059764,18,56,2972.398
1790448527.059764,19,54,2064.761
1790448527.059764,20,61,4158.014
1790448527.059764,21,56,4224.535
1790448527.059764,22,57,4200.277
1790448527.059764,23,9,4202.467
1790448527.059764,24,21,4209.09
1790448527.059764,25,8,4203.482
1790448527.059764,26,13,4197.526
1790448527.059764,27,5,4216.62
1790448528.060495,0,63,5209.773
1790448528.060495,1,25,5113.636
1790448528.060495,2,60,5209.509
1790448528.060495,3,100,5177.521
1790448528.060495,4,60,5163.458
1790448528.060495,5,91,5177.484
1790448528.060495,6,73,5179.584
1790448528.060495,7,46,800.0
1790448528.060495,8,64,5209.696
1790448528.060495,9,27,5204.288
1790448528.060495,10,66,5177.494
1790448528.060495,11,4,800.0
1790448528.060495,12,72,5200.0
1790448528.060495,13,2,800.0
1790448528.060495,14,61,5209.989
1790448528.060495,15,80,5229.483
1790448528.060495,16,56,4154.726
1790448528.060495,17,60,4154.892
1790448528.060495,18,56,4155.392
1790448528.060495,19,58,4154.883
1790448528.060495,20,60,4199.348
1790448528.060495,21,59,4199.19
1790448528.060495,22,58,4199.475
1790448528.060495,23,11,4134.345
1790448528.060495,24,25,4176.412
1790448528.060495,25,23,4115.928
1790448528.060495,26,18,4182.599
1790448528.060495,27,20,4168.476
1790448529.061439,0,69,5235.502
1790448529.061439,1,46,5210.776
1790448529.061439,2,61,5220.105
1790448529.061439,3,72,5235.47
1790448529.061439,4,64,5234.45
1790448529.061439,5,79,5235.591
1790448529.061439,6,71,5218.994
1790448529.061439,7,14,5235.563
1790448529.061439,8,62,5205.255
1790448529.061439,9,27,5296.934
1790448529.061439,10,62,5205.182
1790448529.061439,11,22,800.0
1790448529.061439,12,80,5219.076
1790448529.061439,13,42,5235.494
1790448529.061439,14,62,5234.303
1790448529.061439,15,53,5235.391
1790448529.061439,16,59,4175.004
1790448529.061439,17,58,4174.895
1790448529.061439,18,59,4174.938
1790448529.061439,19,58,4174.803
1790448529.061439,20,63,4199.608
1790448529.061439,21,63,4199.604
1790448529.061439,22,61,4199.326
1790448529.061439,23,24,4197.931
1790448529.061439,24,22,4202.829
1790448529.061439,25,9,4203.228
1790448529.061439,26,14,4200.819
1790448529.061439,27,32,4202.203
1790448530.0621731,0,68,4799.951
1790448530.0621731,1,12,4800.0
1790448530.0621731,2,65,4616.897
1790448530.0621731,3,66,4800.0
1790448530.0621731,4,63,4800.048
1790448530.0621731,5,100,4655.835
1790448530.0621731,6,62,4800.0
1790448530.0621731,7,85,4800.0
1790448530.0621731,8,63,4800.048
1790448530.0621731,9,63,4578.719
1790448530.0621731,10,81,4800.0
1790448530.0621731,11,0,4795.497
1790448530.0621731,12,64,4394.662
1790448530.0621731,13,71,4515.144
1790448530.0621731,14,67,4510.218
1790448530.0621731,15,6,4805.211
1790448530.0621731,16,62,3999.721
1790448530.0621731,17,60,4000.009
1790448530.0621731,18,59,3999.911
1790448530.0621731,19,60,3999.938
1790448530.0621731,20,63,3999.701
1790448530.0621731,21,60,3999.853
1790448530.0621731,22,63,4000.086
1790448530.0621731,23,10,4000.611
1790448530.0621731,24,22,4014.024
1790448530.0621731,25,8,3995.413
1790448530.0621731,26,14,4000.021
1790448530.0621731,27,18,3983.289
1790448531.062856,0,65,5220.738
1790448531.062856,1,24,5255.859
1790448531.062856,2,70,5218.875
1790448531.062856,3,20,5255.851
1790448531.062856,4,64,5218.875
1790448531.062856,5,100,5255.84
1790448531.062856,6,68,5255.857
1790448531.062856,7,33,800.0
1790448531.062856,8,75,5224.686
1790448531.062856,9,14,800.0
1790448531.062856,10,62,5219.334
1790448531.062856,11,14,800.0
1790448531.062856,12,67,5218.951
1790448531.062856,13,34,800.0
1790448531.062856,14,68,5224.744
1790448531.062856,15,64,5255.894
1790448531.062856,16,62,4191.613
1790448531.062856,17,62,4191.679
1790448531.062856,18,61,4191.657
1790448531.062856,19,61,4191.773
1790448531.062856,20,63,4199.963
1790448531.062856,21,63,4199.936
1790448531.062856,22,63,4199.961
1790448531.062856,23,15,4185.64
1790448531.062856,24,19,4202.279
1790448531.062856,25,10,4197.077
1790448531.062856,26,41,4202.7
1790448531.062856,27,28,4136.918
1790448532.063987,0,61,5133.08
1790448532.063987,1,24,5156.946
1790448532.063987,2,60,5133.854
1790448532.063987,3,91,5157.115
1790448532.063987,4,60,5133.609
1790448532.063987,5,101,5157.012
1790448532.063987,6,98,5158.379
1790448532.063987,7,0,5120.979
1790448532.063987,8,60,5134.658
1790448532.063987,9,1,800.0
1790448532.063987,10,60,5132.016
1790448532.063987,11,2,800.0
1790448532.063987,12,61,5133.651
1790448532.063987,13,12,800.0
1790448532.063987,14,60,5133.478
1790448532.063987,15,90,5157.088
1790448532.063987,16,60,4121.774
1790448532.063987,17,60,4121.092
1790448532.063987,18,60,4121.031
1790448532.063987,19,60,4120.904
1790448532.063987,20,61,4110.568
1790448532.063987,21,60,4131.722
1790448532.063987,22,60,4110.388
1790448532.063987,23,5,3944.66
1790448532.063987,24,13,4100.435
1790448532.063987,25,4,4104.632
1790448532.063987,26,6,4078.109
1790448532.063987,27,2,4099.316
1790448533.064894,0,59,5041.325
1790448533.064894,1,18,5114.89
1790448533.064894,2,59,5060.844
1790448533.064894,3,67,5201.518
1790448533.064894,4,60,5037.154
1790448533.064894,5,100,5201.461
1790448533.064894,6,67,4943.153
1790448533.064894,7,3,5408.26
1790448533.064894,8,61,4633.122
1790448533.064894,9,3,800.0
1790448533.064894,10,86,5201.606
1790448533.064894,11,1,800.0
1790448533.064894,12,65,5170.201
1790448533.064894,13,38,5201.522
1790448533.064894,14,58,4997.527
1790448533.064894,15,84,5201.597
1790448533.064894,16,58,3857.782
1790448533.064894,17,58,3889.983
1790448533.064894,18,57,3884.286
1790448533.064894,19,58,3895.385
1790448533.064894,20,59,4108.913
1790448533.064894,21,58,4115.511
1790448533.064894,22,59,4106.318
1790448533.064894,23,12,4142.596
1790448533.064894,24,19,4104.45
1790448533.064894,25,10,4133.568
1790448533.064894,26,5,4176.51
1790448533.064894,27,11,4112.099
1790448534.065923,0,68,5100.051
1790448534.065923,1,1,5097.901
1790448534.065923,2,55,5100.069
1790448534.065923,3,13,5395.051
1790448534.065923,4,58,5100.0
1790448534.065923,5,100,5100.0
1790448534.065923,6,62,5099.937
1790448534.065923,7,2,5100.055
1790448534.065923,8,56,5100.069
1790448534.065923,9,6,5100.0
1790448534.065923,10,65,5099.929
1790448534.065923,11,18,1228.14
1790448534.065923,12,59,5100.068
1790448534.065923,13,88,5100.0
1790448534.065923,14,58,5099.929
1790448534.065923,15,81,5100.0
1790448534.065923,16,55,4088.45
1790448534.065923,17,53,4088.404
1790448534.065923,18,55,4088.5
1790448534.065923,19,53,4088.545
1790448534.065923,20,58,4100.024
1790448534.065923,21,54,4099.858
1790448534.065923,22,55,4099.715
1790448534.065923,23,8,4112.295
1790448534.065923,24,17,4100.769
1790448534.065923,25,7,4101.607
1790448534.065923,26,8,4099.61
1790448534.065923,27,23,4099.73
1790448535.0669734,0,63,4099.958
1790448535.0669734,1,4,4100.0
1790448535.0669734,2,59,4100.0
1790448535.0669734,3,4,4103.644
1790448535.0669734,4,61,4099.958
1790448535.0669734,5,100,4099.958
1790448535.0669734,6,84,4100.0
1790448535.0669734,7,8,4100.0
1790448535.0669734,8,67,4099.958
1790448535.0669734,9,17,4100.0
1790448535.0669734,10,62,4100.0
1790448535.0669734,11,1,4054.509
1790448535.0669734,12,61,4099.958
1790448535.0669734,13,89,4099.958
1790448535.0669734,14,62,4099.958
1790448535.0669734,15,83,4100.0
1790448535.0669734,16,56,3500.058
1790448535.0669734,17,57,3500.005
1790448535.0669734,18,57,3500.082
1790448535.0669734,19,58,3499.919
1790448535.0669734,20,60,3499.983
1790448535.0669734,21,60,3499.982
1790448535.0669734,22,58,3500.13
1790448535.0669734,23,6,3502.141
1790448535.0669734,24,17,3592.263
1790448535.0669734,25,20,3399.933
1790448535.0669734,26,9,3502.142
1790448535.0669734,27,6,3589.87
1790448536.068098,0,64,5126.891
1790448536.068098,1,3,5255.314
1790448536.068098,2,63,5126.899
1790448536.068098,3,49,5214.826
1790448536.068098,4,64,5126.883
1790448536.068098,5,100,5214.807
1790448536.068098,6,86,5215.299
1790448536.068098,7,0,800.0
1790448536.068098,8,73,5127.079
1790448536.068098,9,1,5110.853
1790448536.068098,10,63,5126.308
1790448536.068098,11,2,3672.772
1790448536.068098,12,64,5127.683
1790448536.068098,13,88,5214.848
1790448536.068098,14,63,5161.54
1790448536.068098,15,79,5187.016
1790448536.068098,16,62,4113.503
1790448536.068098,17,61,4112.316
1790448536.068098,18,60,4111.951
1790448536.068098,19,60,4111.122
1790448536.068098,20,61,4135.901
1790448536.068098,21,60,4127.94
1790448536.068098,22,61,4127.692
1790448536.068098,23,14,4024.481
1790448536.068098,24,17,4145.308
1790448536.068098,25,7,4107.965
1790448536.068098,26,10,4201.31
1790448536.068098,27,9,4146.838
1790448537.068983,0,63,5234.897
1790448537.068983,1,0,5233.149
1790448537.068983,2,62,4177.496
1790448537.068983,3,15,800.0
1790448537.068983,4,62,5233.004
1790448537.068983,5,100,5199.947
1790448537.068983,6,82,5233.445
1790448537.068983,7,16,5499.944
1790448537.068983,8,63,5232.267
1790448537.068983,9,21,5200.0
1790448537.068983,10,62,5233.176
1790448537.068983,11,0,5162.878
1790448537.068983,12,62,5200.0
1790448537.068983,13,92,5200.0
1790448537.068983,14,62,5233.669
1790448537.068983,15,87,5200.0
1790448537.068983,16,60,4189.505
1790448537.068983,17,61,4189.397
1790448537.068983,18,60,4189.424
1790448537.068983,19,60,4189.257
1790448537.068983,20,62,4199.883
1790448537.068983,21,60,3279.94
1790448537.068983,22,59,4183.447
1790448537.068983,23,3,4149.569
1790448537.068983,24,15,4200.01
1790448537.068983,25,2,4186.907
1790448537.068983,26,4,4195.671
1790448537.068983,27,4,4192.788
1790448538.0699348,0,61,5136.395
1790448538.0699348,1,7,5097.288
1790448538.0699348,2,60,5100.078
1790448538.0699348,3,0,800.0
1790448538.0699348,4,61,5136.051
1790448538.0699348,5,100,5173.266
1790448538.0699348,6,80,5174.662
1790448538.0699348,7,13,800.0
1790448538.0699348,8,63,5100.078
1790448538.0699348,9,10,800.0
1790448538.0699348,10,60,5135.946
1790448538.0699348,11,20,5173.16
1790448538.0699348,12,61,5135.133
1790448538.0699348,13,91,5173.119
1790448538.0699348,14,59,5135.02
1790448538.0699348,15,82,5173.265
1790448538.0699348,16,55,4084.053
1790448538.0699348,17,56,4084.208
1790448538.0699348,18,56,4083.983
1790448538.0699348,19,56,4084.359
1790448538.0699348,20,60,4100.162
1790448538.0699348,21,58,4099.946
1790448538.0699348,22,56,4099.927
1790448538.0699348,23,8,4128.133
1790448538.0699348,24,13,4121.039
1790448538.0699348,25,8,4121.671
1790448538.0699348,26,7,4115.448
1790448538.0699348,27,16,4123.112
1790448539.0709262,0,61,5142.623
1790448539.0709262,1,0,5198.137
1790448539.0709262,2,61,5141.877
1790448539.0709262,3,1,5169.1
1790448539.0709262,4,61,5161.202
1790448539.0709262,5,100,5186.157
1790448539.0709262,6,89,5142.025
1790448539.0709262,7,9,5193.176
1790448539.0709262,8,61,5161.1
1790448539.0709262,9,2,800.0
1790448539.0709262,10,62,5161.086
1790448539.0709262,11,40,5186.14
1790448539.0709262,12,61,5161.219
1790448539.0709262,13,90,5186.114
1790448539.0709262,14,61,5160.637
1790448539.0709262,15,86,5186.117
1790448539.0709262,16,59,4151.623
1790448539.0709262,17,58,4151.71
1790448539.0709262,18,57,4192.336
1790448539.0709262,19,58,4191.978
1790448539.0709262,20,61,4160.55
1790448539.0709262,21,58,4141.156
1790448539.0709262,22,58,4159.977
1790448539.0709262,23,5,4191.216
1790448539.0709262,24,16,4194.494
1790448539.0709262,25,4,4183.312
1790448539.0709262,26,3,4159.09
1790448539.0709262,27,3,4105.294
1790448540.0719872,0,61,5224.661
1790448540.0719872,1,3,5215.372
1790448540.0719872,2,62,5205.785
1790448540.0719872,3,3,5224.555
1790448540.0719872,4,61,5206.748
1790448540.0719872,5,100,5224.689
1790448540.0719872,6,67,5224.872
1790448540.0719872,7,6,800.0
1790448540.0719872,8,85,5205.901
1790448540.0719872,9,0,5353.263
1790448540.0719872,10,61,5206.678
1790448540.0719872,11,36,5224.577
1790448540.0719872,12,61,5206.722
1790448540.0719872,13,89,5224.545
1790448540.0719872,14,60,5206.466
1790448540.0719872,15,83,5224.627
1790448540.0719872,16,58,4190.252
1790448540.0719872,17,57,4189.989
1790448540.0719872,18,57,4190.161
1790448540.0719872,19,57,4190.156
1790448540.0719872,20,61,4195.873
1790448540.0719872,21,58,4195.608
1790448540.0719872,22,57,4195.503
1790448540.0719872,23,6,4158.6
1790448540.0719872,24,22,4199.899
1790448540.0719872,25,10,4200.666
1790448540.0719872,26,8,4199.896
1790448540.0719872,27,12,4199.962
1790448541.0733063,0,61,3500.0
1790448541.0733063,1,4,4268.918
1790448541.0733063,2,60,3500.049
1790448541.0733063,3,31,800.0
1790448541.0733063,4,62,3500.0
1790448541.0733063,5,100,3500.0
1790448541.0733063,6,73,3500.0
1790448541.0733063,7,30,3500.0
1790448541.0733063,8,78,3500.0
1790448541.0733063,9,1,800.0
1790448541.0733063,10,60,3500.0
1790448541.0733063,11,10,800.0
1790448541.0733063,12,62,3500.049
1790448541.0733063,13,88,3352.609
1790448541.0733063,14,61,3357.844
1790448541.0733063,15,84,4473.708
1790448541.0733063,16,58,2664.57
1790448541.0733063,17,57,2831.589
1790448541.0733063,18,58,2664.343
1790448541.0733063,19,58,2664.325
1790448541.0733063,20,60,2892.83
1790448541.0733063,21,60,2892.333
1790448541.0733063,22,58,2753.878
1790448541.0733063,23,10,2921.634
1790448541.0733063,24,15,2610.443
1790448541.0733063,25,6,2857.077
1790448541.0733063,26,5,2696.312
1790448541.0733063,27,6,2655.402
1790448542.0743198,0,62,5249.566
1790448542.0743198,1,4,5329.716
1790448542.0743198,2,61,5214.005
1790448542.0743198,3,18,5244.859
1790448542.0743198,4,61,5217.356
1790448542.0743198,5,100,5236.106
1790448542.0743198,6,89,5237.088
1790448542.0743198,7,11,5200.0
1790448542.0743198,8,76,5236.096
1790448542.0743198,9,2,800.0
1790448542.0743198,10,62,5217.388
1790448542.0743198,11,8,800.0
1790448542.0743198,12,61,5217.129
1790448542.0743198,13,85,5236.102
1790448542.0743198,14,63,5217.22
1790448542.0743198,15,77,5236.169
1790448542.0743198,16,60,4185.519
1790448542.0743198,17,61,4190.362
1790448542.0743198,18,60,4190.261
1790448542.0743198,19,60,4190.28
1790448542.0743198,20,61,4199.818
1790448542.0743198,21,60,4199.724
1790448542.0743198,22,60,4199.643
1790448542.0743198,23,9,4198.467
1790448542.0743198,24,21,4200.184
1790448542.0743198,25,11,4204.368
1790448542.0743198,26,12,4201.744
1790448542.0743198,27,8,4206.68
1790448543.0751665,0,59,5118.863
1790448543.0751665,1,4,5100.0
1790448543.0751665,2,58,5107.374
1790448543.0751665,3,7,5153.695
1790448543.0751665,4,59,5107.369
1790448543.0751665,5,100,5500.0
1790448543.0751665,6,83,5138.408
1790448543.0751665,7,0,800.0
1790448543.0751665,8,63,5107.541
1790448543.0751665,9,34,5500.0
1790448543.0751665,10,69,5500.0
1790448543.0751665,11,3,800.0
1790448543.0751665,12,60,5107.542
1790448543.0751665,13,88,5164.99
1790448543.0751665,14,59,5107.51
1790448543.0751665,15,83,5500.0
1790448543.0751665,16,57,4086.506
1790448543.0751665,17,56,4086.778
1790448543.0751665,18,55,4096.8
1790448543.0751665,19,56,4086.64
1790448543.0751665,20,60,4103.308
1790448543.0751665,21,57,4109.001
1790448543.0751665,22,55,4099.763
1790448543.0751665,23,7,800.0
1790448543.0751665,24,19,4300.003
1790448543.0751665,25,8,4300.563
1790448543.0751665,26,5,4296.497
1790448543.0751665,27,10,4299.583
1790448544.0761242,0,66,5103.502
1790448544.0761242,1,3,5114.512
1790448544.0761242,2,70,5103.399
1790448544.0761242,3,21,5108.965
1790448544.0761242,4,66,5103.305
1790448544.0761242,5,100,5108.926
1790448544.0761242,6,70,5108.987
1790448544.0761242,7,13,800.0
1790448544.0761242,8,70,5103.272
1790448544.0761242,9,40,5108.902
1790448544.0761242,10,84,5103.346
1790448544.0761242,11,1,800.0
1790448544.0761242,12,64,5103.409
1790448544.0761242,13,57,800.0
1790448544.0761242,14,64,5110.04
1790448544.0761242,15,80,5132.246
1790448544.0761242,16,61,4092.281
1790448544.0761242,17,60,4092.209
1790448544.0761242,18,60,4092.083
1790448544.0761242,19,60,4092.085
1790448544.0761242,20,63,4108.754
1790448544.0761242,21,60,4100.018
1790448544.0761242,22,62,4099.813
1790448544.0761242,23,8,4144.895
1790448544.0761242,24,15,4173.631
1790448544.0761242,25,12,4117.15
1790448544.0761242,26,9,4104.576
1790448544.0761242,27,5,4118.916
1790448545.0770452,0,62,5207.05
1790448545.0770452,1,15,5211.427
1790448545.0770452,2,62,5207.142
1790448545.0770452,3,89,5211.456
1790448545.0770452,4,62,5207.065
1790448545.0770452,5,100,5211.426
1790448545.0770452,6,72,5207.122
1790448545.0770452,7,1,5198.52
1790448545.0770452,8,60,5207.248
1790448545.0770452,9,55,5211.485
1790448545.0770452,10,62,5207.179
1790448545.0770452,11,9,800.0
1790448545.0770452,12,61,5207.486
1790448545.0770452,13,0,800.0
1790448545.0770452,14,80,5211.844
1790448545.0770452,15,33,5100.0
1790448545.0770452,16,58,4182.632
1790448545.0770452,17,61,4180.773
1790448545.0770452,18,61,4094.22
1790448545.0770452,19,59,4112.383
1790448545.0770452,20,63,4117.901
1790448545.0770452,21,59,4117.472
1790448545.0770452,22,58,4100.031
1790448545.0770452,23,5,4099.763
1790448545.0770452,24,17,4172.732
1790448545.0770452,25,7,4169.599
1790448545.0770452,26,3,4186.778
1790448545.0770452,27,6,4094.63
1790448546.0780826,0,57,5222.958
1790448546.0780826,1,27,800.0
1790448546.0780826,2,66,5222.368
1790448546.0780826,3,19,800.0
1790448546.0780826,4,57,5222.534
1790448546.0780826,5,101,5203.803
1790448546.0780826,6,59,5222.802
1790448546.0780826,7,57,5203.873
1790448546.0780826,8,57,5222.218
1790448546.0780826,9,72,5203.935
1790448546.0780826,10,58,5222.723
1790448546.0780826,11,1,800.0
1790448546.0780826,12,56,5222.345
1790448546.0780826,13,11,4013.316
1790448546.0780826,14,74,5222.418
1790448546.0780826,15,36,5211.785
1790448546.0780826,16,57,4192.747
1790448546.0780826,17,55,4192.787
1790448546.0780826,18,54,4193.467
1790448546.0780826,19,56,4192.724
1790448546.0780826,20,58,4199.963
1790448546.0780826,21,56,4200.123
1790448546.0780826,22,55,4199.875
1790448546.0780826,23,5,4195.53
1790448546.0780826,24,17,4200.291
1790448546.0780826,25,7,4199.977
1790448546.0780826,26,4,4196.542
1790448546.0780826,27,5,4200.212
1790448547.0790849,0,61,4200.042
1790448547.0790849,1,30,4200.0
1790448547.0790849,2,62,4200.0
1790448547.0790849,3,1,4000.0
1790448547.0790849,4,61,4200.0
1790448547.0790849,5,101,4200.0
1790448547.0790849,6,60,4200.0
1790448547.0790849,7,89,4200.0
1790448547.0790849,8,72,4200.0
1790448547.0790849,9,9,800.0
1790448547.0790849,10,60,4200.042
1790448547.0790849,11,11,4200.0
1790448547.0790849,12,80,4200.0
1790448547.0790849,13,1,800.0
1790448547.0790849,14,61,4200.0
1790448547.0790849,15,86,4200.0
1790448547.0790849,16,60,3430.279
1790448547.0790849,17,60,3429.814
1790448547.0790849,18,58,3482.666
1790448547.0790849,19,60,3481.435
1790448547.0790849,20,59,3499.542
1790448547.0790849,21,60,3499.768
1790448547.0790849,22,58,3499.299
1790448547.0790849,23,5,800.0
1790448547.0790849,24,17,3499.109
1790448547.0790849,25,7,3500.151
1790448547.0790849,26,14,3498.744
1790448547.0790849,27,7,3497.107
1790448548.0801017,0,63,5222.657
1790448548.0801017,1,35,5500.0
1790448548.0801017,2,66,5213.37
1790448548.0801017,3,3,5500.0
1790448548.0801017,4,63,5212.298
1790448548.0801017,5,100,5500.0
1790448548.0801017,6,63,5212.436
1790448548.0801017,7,87,5302.923
1790448548.0801017,8,75,5212.507
1790448548.0801017,9,2,799.513
1790448548.0801017,10,64,5200.0
1790448548.0801017,11,9,5158.891
1790448548.0801017,12,81,5500.0
1790448548.0801017,13,0,5500.0
1790448548.0801017,14,62,5200.0
1790448548.0801017,15,79,4782.69
1790448548.0801017,16,64,4188.509
1790448548.0801017,17,61,4188.482
1790448548.0801017,18,61,4184.212
1790448548.0801017,19,62,4188.581
1790448548.0801017,20,66,4178.768
1790448548.0801017,21,62,4199.314
1790448548.0801017,22,62,4199.309
1790448548.0801017,23,6,892.648
1790448548.0801017,24,17,4199.871
1790448548.0801017,25,9,4200.079
1790448548.0801017,26,7,4198.783
1790448548.0801017,27,4,4198.489
1790448549.0809913,0,61,5220.092
1790448549.0809913,1,39,5258.803
1790448549.0809913,2,59,5217.186
1790448549.0809913,3,7,5258.862
1790448549.0809913,4,60,5217.134
1790448549.0809913,5,100,5258.778
1790448549.0809913,6,61,5217.048
1790448549.0809913,7,89,5258.865
1790448549.0809913,8,60,5217.148
1790448549.0809913,9,2,798.748
1790448549.0809913,10,59,5217.362
1790448549.0809913,11,21,4569.387
1790448549.0809913,12,75,5258.878
1790448549.0809913,13,1,5233.602
1790448549.0809913,14,61,5217.008
1790448549.0809913,15,85,5258.919
1790448549.0809913,16,57,4191.853
1790448549.0809913,17,55,4190.997
1790448549.0809913,18,56,4190.944
1790448549.0809913,19,56,4190.982
1790448549.0809913,20,59,4199.91
1790448549.0809913,21,56,4198.645
1790448549.0809913,22,56,4198.755
1790448549.0809913,23,8,4198.583
1790448549.0809913,24,15,4168.79
1790448549.0809913,25,8,4198.614
1790448549.0809913,26,6,4199.204
1790448549.0809913,27,4,4200.929
1790448550.0818796,0,61,5100.566
1790448550.0818796,1,34,5446.929
1790448550.0818796,2,63,4700.776
1790448550.0818796,3,0,4574.32
1790448550.0818796,4,62,5100.443
1790448550.0818796,5,100,5447.011
1790448550.0818796,6,62,5110.524
1790448550.0818796,7,88,5001.164
1790448550.0818796,8,82,5447.038
1790448550.0818796,9,1,5486.285
1790448550.0818796,10,61,5100.23
1790448550.0818796,11,6,5406.928
1790448550.0818796,12,78,5411.715
1790448550.0818796,13,0,5471.707
1790448550.0818796,14,61,5110.69
1790448550.0818796,15,84,5447.043
1790448550.0818796,16,61,4200.23
1790448550.0818796,17,58,4200.579
1790448550.0818796,18,60,4080.799
1790448550.0818796,19,59,4073.729
1790448550.0818796,20,60,4109.42
1790448550.0818796,21,59,4109.469
1790448550.0818796,22,58,4323.295
1790448550.0818796,23,3,2070.89
1790448550.0818796,24,15,4201.24
1790448550.0818796,25,5,4201.479
1790448550.0818796,26,6,4199.581
1790448550.0818796,27,5,4204.721
1790448551.0829039,0,63,5220.225
1790448551.0829039,1,8,5105.95
1790448551.0829039,2,85,5249.853
1790448551.0829039,3,2,5041.185
1790448551.0829039,4,62,5220.387
1790448551.0829039,5,100,5248.414
1790448551.0829039,6,63,5219.964
1790448551.0829039,7,89,5248.317
1790448551.0829039,8,72,5221.111
1790448551.0829039,9,1,800.0
1790448551.0829039,10,64,5219.767
1790448551.0829039,11,23,5248.401
1790448551.0829039,12,62,5220.797
1790448551.0829039,13,12,5200.272
1790448551.0829039,14,61,5219.847
1790448551.0829039,15,81,5248.402
1790448551.0829039,16,59,4196.63
1790448551.0829039,17,59,4196.481
1790448551.0829039,18,58,4195.949
1790448551.0829039,19,58,4196.492
1790448551.0829039,20,61,4200.079
1790448551.0829039,21,58,4199.719
1790448551.0829039,22,60,4200.054
1790448551.0829039,23,6,4198.587
1790448551.0829039,24,15,4227.051
1790448551.0829039,25,5,4196.744
1790448551.0829039,26,9,4205.867
1790448551.0829039,27,6,4200.295
1790448552.0839148,0,63,5194.912
1790448552.0839148,1,30,5188.06
1790448552.0839148,2,66,5194.611
1790448552.0839148,3,1,5166.317
1790448552.0839148,4,61,5195.026
1790448552.0839148,5,100,5188.119
1790448552.0839148,6,61,5194.973
1790448552.0839148,7,91,5188.067
1790448552.0839148,8,61,5194.599
1790448552.0839148,9,1,4701.934
1790448552.0839148,10,65,5195.068
1790448552.0839148,11,11,5174.354
1790448552.0839148,12,84,5187.961
1790448552.0839148,13,0,800.0
1790448552.0839148,14,61,5195.1
1790448552.0839148,15,86,5188.074
1790448552.0839148,16,60,4188.549
1790448552.0839148,17,59,4191.03
1790448552.0839148,18,59,4191.166
1790448552.0839148,19,59,4190.933
1790448552.0839148,20,60,4198.447
1790448552.0839148,21,58,4199.681
1790448552.0839148,22,59,4199.747
1790448552.0839148,23,6,800.0
1790448552.0839148,24,16,4199.086
1790448552.0839148,25,4,4144.044
1790448552.0839148,26,3,4182.846
1790448552.0839148,27,3,4197.528
1790448553.08489,0,61,5176.526
1790448553.08489,1,19,5105.427
1790448553.08489,2,63,5226.803
1790448553.08489,3,1,4679.363
1790448553.08489,4,62,5226.187
1790448553.08489,5,100,5252.248
1790448553.08489,6,63,5226.479
1790448553.08489,7,90,5252.254
1790448553.08489,8,65,5227.171
1790448553.08489,9,17,5252.266
1790448553.08489,10,75,5175.812
1790448553.08489,11,1,800.0
1790448553.08489,12,87,5253.182
1790448553.08489,13,2,800.0
1790448553.08489,14,61,5227.254
1790448553.08489,15,89,5252.261
1790448553.08489,16,60,4189.312
1790448553.08489,17,61,4188.11
1790448553.08489,18,61,4188.153
1790448553.08489,19,61,4190.069
1790448553.08489,20,63,4199.828
1790448553.08489,21,61,4199.884
1790448553.08489,22,60,4199.732
1790448553.08489,23,12,4208.671
1790448553.08489,24,18,4198.253
1790448553.08489,25,8,4191.592
1790448553.08489,26,5,4225.456
1790448553.08489,27,8,4203.216
1790448554.0859032,0,63,5200.424
1790448554.0859032,1,0,5239.893
1790448554.0859032,2,72,5242.101
1790448554.0859032,3,1,800.0
1790448554.0859032,4,63,5229.929
1790448554.0859032,5,100,5241.642
1790448554.0859032,6,62,5228.871
1790448554.0859032,7,92,5241.605
1790448554.0859032,8,63,5229.254
1790448554.0859032,9,35,5241.666
1790448554.0859032,10,62,5229.17
1790448554.0859032,11,1,800.0
1790448554.0859032,12,85,4104.69
1790448554.0859032,13,0,800.0
1790448554.0859032,14,61,5228.812
1790448554.0859032,15,89,5241.485
1790448554.0859032,16,62,3377.004
1790448554.0859032,17,62,2752.596
1790448554.0859032,18,62,3386.865
1790448554.0859032,19,63,2766.715
1790448554.0859032,20,63,3786.783
1790448554.0859032,21,60,3966.5
1790448554.0859032,22,62,3970.228
1790448554.0859032,23,6,4201.253
1790448554.0859032,24,10,4200.151
1790448554.0859032,25,5,4197.223
1790448554.0859032,26,4,4200.147
1790448554.0859032,27,4,4200.855
1790448555.0869322,0,63,5100.0
1790448555.0869322,1,16,5100.814
1790448555.0869322,2,72,5100.223
1790448555.0869322,3,5,5105.049
1790448555.0869322,4,63,5099.922
1790448555.0869322,5,100,5100.0
1790448555.0869322,6,63,5099.924
1790448555.0869322,7,93,5100.0
1790448555.0869322,8,70,5100.0
1790448555.0869322,9,9,800.0
1790448555.0869322,10,69,5100.0
1790448555.0869322,11,10,5100.0
1790448555.0869322,12,81,5100.0
1790448555.0869322,13,0,800.0
1790448555.0869322,14,63,5100.076
1790448555.0869322,15,90,5100.0
1790448555.0869322,16,63,4091.011
1790448555.0869322,17,63,4090.965
1790448555.0869322,18,63,4090.955
1790448555.0869322,19,62,4090.925
1790448555.0869322,20,65,4095.51
1790448555.0869322,21,65,4098.281
1790448555.0869322,22,62,4095.021
1790448555.0869322,23,7,4095.534
1790448555.0869322,24,14,4103.514
1790448555.0869322,25,6,4126.455
1790448555.0869322,26,7,4123.193
1790448555.0869322,27,33,4110.586
1790448556.0879557,0,67,4331.184
1790448556.0879557,1,8,4420.994
1790448556.0879557,2,62,4331.875
1790448556.0879557,3,2,4398.187
1790448556.0879557,4,62,4332.329
1790448556.0879557,5,100,4358.682
1790448556.0879557,6,62,4330.978
1790448556.0879557,7,89,4358.789
1790448556.0879557,8,62,4331.982
1790448556.0879557,9,20,4358.723
1790448556.0879557,10,62,4330.605
1790448556.0879557,11,14,4526.266
1790448556.0879557,12,94,4358.202
1790448556.0879557,13,2,4154.127
1790448556.0879557,14,62,4331.366
1790448556.0879557,15,85,4358.752
1790448556.0879557,16,61,3585.667
1790448556.0879557,17,61,3585.947
1790448556.0879557,18,60,3585.358
1790448556.0879557,19,61,3584.878
1790448556.0879557,20,64,3632.235
1790448556.0879557,21,61,3632.493
1790448556.0879557,22,61,3632.079
1790448556.0879557,23,8,3491.262
1790448556.0879557,24,14,3681.066
1790448556.0879557,25,7,3600.065
1790448556.0879557,26,4,3600.585
1790448556.0879557,27,4,3499.93
1790448557.0888565,0,66,5200.0
1790448557.0888565,1,21,5200.0
1790448557.0888565,2,74,5200.0
1790448557.0888565,3,2,5200.0
1790448557.0888565,4,63,5200.0
1790448557.0888565,5,100,5200.0
1790448557.0888565,6,63,5200.072
1790448557.0888565,7,88,5200.0
1790448557.0888565,8,64,5200.0
1790448557.0888565,9,12,800.0
1790448557.0888565,10,64,5200.072
1790448557.0888565,11,1,800.0
1790448557.0888565,12,87,5200.0
1790448557.0888565,13,0,800.0
1790448557.0888565,14,65,5200.0
1790448557.0888565,15,81,5200.0
1790448557.0888565,16,62,4189.017
1790448557.0888565,17,62,4188.925
1790448557.0888565,18,61,4188.538
1790448557.0888565,19,62,4188.681
1790448557.0888565,20,63,4199.946
1790448557.0888565,21,60,4199.886
1790448557.0888565,22,61,4199.873
1790448557.0888565,23,7,4200.637
1790448557.0888565,24,17,4200.059
1790448557.0888565,25,11,4201.129
1790448557.0888565,26,6,4201.362
1790448557.0888565,27,10,4225.193
1790448558.0898488,0,62,5193.058
1790448558.0898488,1,16,5100.0
1790448558.0898488,2,80,5192.942
1790448558.0898488,3,14,5202.075
1790448558.0898488,4,62,5193.014
1790448558.0898488,5,101,5202.077
1790448558.0898488,6,63,5193.058
1790448558.0898488,7,89,5202.101
1790448558.0898488,8,62,5202.184
1790448558.0898488,9,1,5225.867
1790448558.0898488,10,64,5192.902
1790448558.0898488,11,9,5224.901
1790448558.0898488,12,82,5202.151
1790448558.0898488,13,1,800.0
1790448558.0898488,14,61,5193.005
1790448558.0898488,15,83,5202.105
1790448558.0898488,16,60,4187.124
1790448558.0898488,17,61,4186.898
1790448558.0898488,18,58,4185.834
1790448558.0898488,19,58,4185.665
1790448558.0898488,20,63,4193.251
1790448558.0898488,21,60,4192.061
1790448558.0898488,22,59,4193.341
1790448558.0898488,23,9,4182.4
1790448558.0898488,24,20,4199.251
1790448558.0898488,25,9,4150.121
1790448558.0898488,26,7,4101.553
1790448558.0898488,27,11,4201.779
1790448559.0906813,0,60,5115.843
1790448559.0906813,1,33,5500.0
1790448559.0906813,2,58,5140.945
1790448559.0906813,3,17,3984.697
1790448559.0906813,4,59,5115.547
1790448559.0906813,5,100,5500.22
1790448559.0906813,6,58,5116.56
1790448559.0906813,7,88,5478.246
1790448559.0906813,8,59,5140.333
1790448559.0906813,9,1,800.0
1790448559.0906813,10,59,1174.574
1790448559.0906813,11,0,5315.987
1790448559.0906813,12,98,5500.0
1790448559.0906813,13,0,800.0
1790448559.0906813,14,57,5113.967
1790448559.0906813,15,82,5500.055
1790448559.0906813,16,57,4114.832
1790448559.0906813,17,57,2134.375
1790448559.0906813,18,56,1969.68
1790448559.0906813,19,57,2094.148
1790448559.0906813,20,57,4127.938
1790448559.0906813,21,57,4173.076
1790448559.0906813,22,57,4113.829
1790448559.0906813,23,5,4208.469
1790448559.0906813,24,16,4199.899
1790448559.0906813,25,10,4200.05
1790448559.0906813,26,6,4202.737
1790448559.0906813,27,5,4198.876
1790448560.0916343,0,58,5217.026
1790448560.0916343,1,12,5273.204
1790448560.0916343,2,58,5200.0
1790448560.0916343,3,8,800.0
1790448560.0916343,4,58,5216.288
1790448560.0916343,5,100,5230.744
1790448560.0916343,6,59,5216.627
1790448560.0916343,7,89,5230.788
1790448560.0916343,8,57,5217.151
1790448560.0916343,9,26,5230.826
1790448560.0916343,10,58,5216.594
1790448560.0916343,11,2,800.0
1790448560.0916343,12,99,5231.53
1790448560.0916343,13,2,800.0
1790448560.0916343,14,59,5216.703
1790448560.0916343,15,86,5230.696
1790448560.0916343,16,57,4192.875
1790448560.0916343,17,57,4193.74
1790448560.0916343,18,57,4193.831
1790448560.0916343,19,55,4192.692
1790448560.0916343,20,58,4199.95
1790448560.0916343,21,57,4200.245
1790448560.0916343,22,56,4199.836
1790448560.0916343,23,6,4193.188
1790448560.0916343,24,15,4199.732
1790448560.0916343,25,8,4199.891
1790448560.0916343,26,5,4200.147
1790448560.0916343,27,3,4206.367
1790448561.0925634,0,65,5253.996
1790448561.0925634,1,2,2836.389
1790448561.0925634,2,74,5119.226
1790448561.0925634,3,24,5455.732
1790448561.0925634,4,65,5119.17
1790448561.0925634,5,100,5118.731
1790448561.0925634,6,65,5119.339
1790448561.0925634,7,91,5455.718
1790448561.0925634,8,88,5455.766
1790448561.0925634,9,8,800.0
1790448561.0925634,10,65,5119.18
1790448561.0925634,11,0,800.0
1790448561.0925634,12,64,5119.662
1790448561.0925634,13,1,5087.817
1790448561.0925634,14,66,5119.254
1790448561.0925634,15,84,5455.765
1790448561.0925634,16,61,4104.438
1790448561.0925634,17,61,4091.722
1790448561.0925634,18,60,4101.11
1790448561.0925634,19,62,4088.327
1790448561.0925634,20,65,4110.439
1790448561.0925634,21,61,4099.872
1790448561.0925634,22,61,4100.056
1790448561.0925634,23,5,3581.909
1790448561.0925634,24,14,4258.473
1790448561.0925634,25,4,4301.424
1790448561.0925634,26,8,4299.722
1790448561.0925634,27,5,4299.042
1790448562.0937057,0,72,4400.0
1790448562.0937057,1,9,4400.813
1790448562.0937057,2,60,4400.0
1790448562.0937057,3,11,800.0
1790448562.0937057,4,60,4400.0
1790448562.0937057,5,100,4400.0
1790448562.0937057,6,60,4400.0
1790448562.0937057,7,86,4399.955
1790448562.0937057,8,77,4400.0
1790448562.0937057,9,0,800.0
1790448562.0937057,10,66,4400.0
1790448562.0937057,11,1,800.0
1790448562.0937057,12,59,4400.0
1790448562.0937057,13,30,4400.0
1790448562.0937057,14,58,4400.0
1790448562.0937057,15,81,4266.486
1790448562.0937057,16,61,3676.61
1790448562.0937057,17,57,3675.909
1790448562.0937057,18,59,3676.077
1790448562.0937057,19,57,3676.106
1790448562.0937057,20,58,3700.014
1790448562.0937057,21,57,3699.699
1790448562.0937057,22,57,3699.653
1790448562.0937057,23,7,3703.571
1790448562.0937057,24,19,4084.9
1790448562.0937057,25,8,3692.42
1790448562.0937057,26,8,3703.754
1790448562.0937057,27,7,3700.829
1790448563.0947275,0,64,5182.506
1790448563.0947275,1,1,5178.282
1790448563.0947275,2,62,5182.522
1790448563.0947275,3,9,5134.903
1790448563.0947275,4,63,5182.25
1790448563.0947275,5,100,5203.673
1790448563.0947275,6,63,5182.487
1790448563.0947275,7,87,5203.685
1790448563.0947275,8,63,5182.614
1790448563.0947275,9,0,5159.509
1790448563.0947275,10,98,5203.7
1790448563.0947275,11,0,5159.275
1790448563.0947275,12,61,5182.266
1790448563.0947275,13,30,5203.635
1790448563.0947275,14,63,5182.541
1790448563.0947275,15,79,5203.684
1790448563.0947275,16,59,4166.425
1790448563.0947275,17,59,4166.362
1790448563.0947275,18,61,4166.922
1790448563.0947275,19,60,4166.467
1790448563.0947275,20,63,4170.573
1790448563.0947275,21,60,4171.941
1790448563.0947275,22,61,4172.29
1790448563.0947275,23,8,4206.191
1790448563.0947275,24,15,4164.194
1790448563.0947275,25,6,4165.118
1790448563.0947275,26,7,4112.12
1790448563.0947275,27,3,4192.615
1790448564.0957022,0,60,5175.678
1790448564.0957022,1,4,5190.684
1790448564.0957022,2,59,5176.11
1790448564.0957022,3,43,5218.061
1790448564.0957022,4,61,5175.49
1790448564.0957022,5,100,5217.847
1790448564.0957022,6,60,5175.697
1790448564.0957022,7,59,5317.203
1790448564.0957022,8,61,5175.836
1790448564.0957022,9,0,800.0
1790448564.0957022,10,80,5175.815
1790448564.0957022,11,7,800.0
1790448564.0957022,12,60,5176.107
1790448564.0957022,13,39,5217.766
1790448564.0957022,14,60,5175.311
1790448564.0957022,15,80,5218.16
1790448564.0957022,16,58,4159.051
1790448564.0957022,17,55,4155.48
1790448564.0957022,18,54,4155.835
1790448564.0957022,19,56,4158.791
1790448564.0957022,20,59,4166.497
1790448564.0957022,21,57,4163.508
1790448564.0957022,22,56,4165.937
1790448564.0957022,23,7,4123.658
1790448564.0957022,24,19,4168.96
1790448564.0957022,25,8,4178.581
1790448564.0957022,26,9,4183.955
1790448564.0957022,27,5,4196.598
1790448565.0965953,0,62,5166.261
1790448565.0965953,1,1,5104.87
1790448565.0965953,2,63,5194.038
1790448565.0965953,3,86,5139.055
1790448565.0965953,4,61,5168.603
1790448565.0965953,5,100,5139.967
1790448565.0965953,6,93,5166.968
1790448565.0965953,7,2,5101.095
1790448565.0965953,8,66,5166.862
1790448565.0965953,9,3,5174.233
1790448565.0965953,10,62,5168.156
1790448565.0965953,11,1,5100.648
1790448565.0965953,12,61,5100.277
1790448565.0965953,13,29,5139.959
1790448565.0965953,14,61,5167.951
1790448565.0965953,15,78,5139.907
1790448565.0965953,16,57,4117.599
1790448565.0965953,17,59,4143.95
1790448565.0965953,18,57,4151.185
1790448565.0965953,19,58,4125.422
1790448565.0965953,20,61,4153.573
1790448565.0965953,21,57,4143.326
1790448565.0965953,22,60,4143.587
1790448565.0965953,23,4,4099.84
1790448565.0965953,24,18,4103.125
1790448565.0965953,25,10,4100.38
1790448565.0965953,26,3,4128.948
1790448565.0965953,27,5,4106.989
1790448566.0976317,0,61,5118.186
1790448566.0976317,1,0,5172.405
1790448566.0976317,2,61,5117.055
1790448566.0976317,3,88,5139.745
1790448566.0976317,4,61,5117.178
1790448566.0976317,5,100,5139.658
1790448566.0976317,6,87,5139.68
1790448566.0976317,7,2,5139.858
1790448566.0976317,8,72,5100.031
1790448566.0976317,9,1,800.0
1790448566.0976317,10,60,5100.0
1790448566.0976317,11,8,800.0
1790448566.0976317,12,58,5117.077
1790448566.0976317,13,30,5139.499
1790448566.0976317,14,61,5117.135
1790448566.0976317,15,80,5139.782
1790448566.0976317,16,57,4076.303
1790448566.0976317,17,57,4076.447
1790448566.0976317,18,57,4076.331
1790448566.0976317,19,56,4076.281
1790448566.0976317,20,58,4099.975
1790448566.0976317,21,59,4099.846
1790448566.0976317,22,56,4099.876
1790448566.0976317,23,7,4182.885
1790448566.0976317,24,17,4118.872
1790448566.0976317,25,8,4138.055
1790448566.0976317,26,6,4100.811
1790448566.0976317,27,12,4102.658
1790448567.098765,0,64,4200.0
1790448567.098765,1,29,4199.957
1790448567.098765,2,62,4199.942
1790448567.098765,3,91,4199.957
1790448567.098765,4,62,4199.941
1790448567.098765,5,100,4200.0
1790448567.098765,6,86,4200.0
1790448567.098765,7,0,4203.649
1790448567.098765,8,62,4199.942
1790448567.098765,9,29,4199.957
1790448567.098765,10,69,4200.0
1790448567.098765,11,9,800.0
1790448567.098765,12,64,4200.0
1790448567.098765,13,14,800.0
1790448567.098765,14,61,4200.0
1790448567.098765,15,52,4200.0
1790448567.098765,16,60,3459.305
1790448567.098765,17,59,3462.621
1790448567.098765,18,59,3447.91
1790448567.098765,19,59,3451.945
1790448567.098765,20,63,3499.574
1790448567.098765,21,59,3499.185
1790448567.098765,22,59,3499.477
1790448567.098765,23,3,3488.257
1790448567.098765,24,13,3066.466
1790448567.098765,25,4,3498.441
1790448567.098765,26,6,3499.617
1790448567.098765,27,4,3497.609
1790448568.099787,0,62,5176.701
1790448568.099787,1,10,5117.272
1790448568.099787,2,62,5176.668
1790448568.099787,3,85,5182.543
1790448568.099787,4,62,5176.281
1790448568.099787,5,100,5182.622
1790448568.099787,6,79,5182.059
1790448568.099787,7,1,5181.012
1790448568.099787,8,68,5176.072
1790448568.099787,9,30,800.0
1790448568.099787,10,85,5182.697
1790448568.099787,11,0,800.0
1790448568.099787,12,61,5176.747
1790448568.099787,13,33,5182.647
1790448568.099787,14,63,5176.29
1790448568.099787,15,11,800.0
1790448568.099787,16,60,4175.064
1790448568.099787,17,61,4174.995
1790448568.099787,18,59,4174.889
1790448568.099787,19,61,4175.041
1790448568.099787,20,61,4184.131
1790448568.099787,21,61,4183.985
1790448568.099787,22,60,4184.77
1790448568.099787,23,7,4209.09
1790448568.099787,24,21,4172.115
1790448568.099787,25,6,4187.287
1790448568.099787,26,11,4196.865
1790448568.099787,27,9,4189.393
1790448569.1008286,0,64,5239.81
1790448569.1008286,1,1,5342.857
1790448569.1008286,2,63,5237.499
1790448569.1008286,3,89,5272.06
1790448569.1008286,4,64,5238.541
1790448569.1008286,5,100,5271.987
1790448569.1008286,6,92,5273.264
1790448569.1008286,7,0,800.0
1790448569.1008286,8,63,5199.888
1790448569.1008286,9,0,5217.857
1790448569.1008286,10,81,5271.925
1790448569.1008286,11,7,800.0
1790448569.1008286,12,64,5239.695
1790448569.1008286,13,83,5271.987
1790448569.1008286,14,63,5238.48
1790448569.1008286,15,2,5212.831
1790448569.1008286,16,62,4188.148
1790448569.1008286,17,61,4186.093
1790448569.1008286,18,62,4186.106
1790448569.1008286,19,62,4186.283
1790448569.1008286,20,62,4200.301
1790448569.1008286,21,59,4199.723
1790448569.1008286,22,62,4200.164
1790448569.1008286,23,3,4116.163
1790448569.1008286,24,13,4166.379
1790448569.1008286,25,4,4199.504
1790448569.1008286,26,4,4192.286
1790448569.1008286,27,5,4196.987
1790448570.1018243,0,62,5100.0
1790448570.1018243,1,3,5137.602
1790448570.1018243,2,63,5100.0
1790448570.1018243,3,89,5100.0
1790448570.1018243,4,62,5099.914
1790448570.1018243,5,101,5100.051
1790448570.1018243,6,98,5100.0
1790448570.1018243,7,1,800.0
1790448570.1018243,8,64,5100.0
1790448570.1018243,9,14,800.0
1790448570.1018243,10,65,5100.0
1790448570.1018243,11,8,800.0
1790448570.1018243,12,63,5099.915
1790448570.1018243,13,89,5100.051
1790448570.1018243,14,64,5100.0
1790448570.1018243,15,19,5100.0
1790448570.1018243,16,60,4087.866
1790448570.1018243,17,61,4087.723
1790448570.1018243,18,59,4087.487
1790448570.1018243,19,59,4087.456
1790448570.1018243,20,64,4100.019
1790448570.1018243,21,59,4099.516
1790448570.1018243,22,59,4099.905
1790448570.1018243,23,5,4079.081
1790448570.1018243,24,14,4092.705
1790448570.1018243,25,6,4100.083
1790448570.1018243,26,6,4094.421
1790448570.1018243,27,4,4099.718
1790448571.1027641,0,62,5200.0
1790448571.1027641,1,3,5100.0
1790448571.1027641,2,60,5200.07
1790448571.1027641,3,89,5200.26
1790448571.1027641,4,61,5200.0
1790448571.1027641,5,100,5200.052
1790448571.1027641,6,75,5200.0
1790448571.1027641,7,1,5140.949
1790448571.1027641,8,78,5200.0
1790448571.1027641,9,2,5200.0
1790448571.1027641,10,66,5199.929
1790448571.1027641,11,0,5100.0
1790448571.1027641,12,60,5200.0
1790448571.1027641,13,31,5200.0
1790448571.1027641,14,60,5199.928
1790448571.1027641,15,83,5200.0
1790448571.1027641,16,58,4181.807
1790448571.1027641,17,58,4182.007
1790448571.1027641,18,56,4182.395
1790448571.1027641,19,58,4180.074
1790448571.1027641,20,60,4199.719
1790448571.1027641,21,59,4199.692
1790448571.1027641,22,58,4199.651
1790448571.1027641,23,8,4196.478
1790448571.1027641,24,19,4200.018
1790448571.1027641,25,5,4266.901
1790448571.1027641,26,6,4196.919
1790448571.1027641,27,9,4197.248
1790448572.10364,0,58,4381.257
1790448572.10364,1,2,5500.0
1790448572.10364,2,59,800.0
1790448572.10364,3,87,5500.0
1790448572.10364,4,60,5500.0
1790448572.10364,5,95,800.0
1790448572.10364,6,97,1817.275
1790448572.10364,7,1,800.0
1790448572.10364,8,61,800.0
1790448572.10364,9,1,800.0
1790448572.10364,10,68,5500.0
1790448572.10364,11,7,800.0
1790448572.10364,12,57,1264.454
1790448572.10364,13,20,1710.888
1790448572.10364,14,61,800.0
1790448572.10364,15,62,1074.449
1790448572.10364,16,58,800.0
1790448572.10364,17,58,800.0
1790448572.10364,18,57,800.0
1790448572.10364,19,59,800.0
1790448572.10364,20,58,800.0
1790448572.10364,21,57,800.0
1790448572.10364,22,56,800.0
1790448572.10364,23,3,2016.731
1790448572.10364,24,16,4192.34
1790448572.10364,25,5,4197.215
1790448572.10364,26,2,4212.532
1790448572.10364,27,3,4179.766
